"step","time","part","epoch","loss","lr","chagas_auroc","chagas_auprc","chagas_accuracy","chagas_f_measure","challenge_score"
100,"2025-02-22 01:39:28.332117","train",0,0.014883723109960556,2.407588458461121e-05,"","","","",""
200,"2025-02-22 01:39:48.238564","train",0,0.062282782047986984,2.4303498349068542e-05,"","","","",""
300,"2025-02-22 01:40:08.631093","train",0,0.04314710944890976,2.46827213463166e-05,"","","","",""
400,"2025-02-22 01:40:28.828386","train",0,0.01172952726483345,2.521335373483044e-05,"","","","",""
500,"2025-02-22 01:40:48.475416","train",0,0.016250383108854294,2.589511588392654e-05,"","","","",""
600,"2025-02-22 01:41:08.133771","train",0,0.010782680474221706,2.672764852112259e-05,"","","","",""
700,"2025-02-22 01:41:28.124797","train",0,0.01887032389640808,2.771051292146465e-05,"","","","",""
800,"2025-02-22 01:41:47.706925","train",0,0.01832530088722706,2.8843191138725474e-05,"","","","",""
900,"2025-02-22 01:42:07.800510","train",0,0.04479590803384781,3.0125086278349144e-05,"","","","",""
1000,"2025-02-22 01:42:27.628834","train",0,0.01496870070695877,3.1555522812001216e-05,"","","","",""
1100,"2025-02-22 01:42:47.486336","train",0,0.015856381505727768,3.313374693355534e-05,"","","","",""
1200,"2025-02-22 01:43:07.328304","train",0,0.033839497715234756,3.485892695633203e-05,"","","","",""
1300,"2025-02-22 01:43:26.928983","train",0,0.014365043491125107,3.6730153751376874e-05,"","","","",""
1400,"2025-02-22 01:43:46.785747","train",0,0.028482967987656593,3.8746441226550615e-05,"","","","",""
1500,"2025-02-22 01:44:06.200790","train",0,0.03195778280496597,4.090672684617608e-05,"","","","",""
1600,"2025-02-22 01:44:26.121899","train",0,0.019327906891703606,4.32098721909694e-05,"","","","",""
1700,"2025-02-22 01:44:45.491200","train",0,0.005391347222030163,4.565466355795978e-05,"","","","",""
1800,"2025-02-22 01:45:04.809857","train",0,0.012663695961236954,4.8239812600082326e-05,"","","","",""
1900,"2025-02-22 01:45:24.518186","train",0,0.0046579428017139435,5.096395700510635e-05,"","","","",""
2000,"2025-02-22 01:45:44.140773","train",0,0.003574489615857601,5.382566121354157e-05,"","","","",""
2100,"2025-02-22 01:46:03.668397","train",0,0.017229627817869186,5.682341717514405e-05,"","","","",""
2200,"2025-02-22 01:46:23.579472","train",0,0.04069463163614273,5.995564514362265e-05,"","","","",""
2281,"2025-02-22 01:54:20.069515","train",0,"","",0.8224670220846174,0.13287630473928697,0.9799430074528716,0.002044989775051125,0.3642112459408648
2281,"2025-02-22 01:56:16.682568","val",0,"","",0.8245700846532669,0.1455436128261282,0.979177212592177,0.0013123359580052493,0.37097833223900195
2300,"2025-02-22 01:56:21.911412","train",1,0.026753602549433708,6.322069450912817e-05,"","","","",""
2400,"2025-02-22 01:56:42.406894","train",1,0.014251848682761192,6.661684466808529e-05,"","","","",""
2500,"2025-02-22 01:57:02.540040","train",1,0.02194473333656788,7.014230592991013e-05,"","","","",""
2600,"2025-02-22 01:57:22.819369","train",1,0.007114766165614128,7.37952204601344e-05,"","","","",""
2700,"2025-02-22 01:57:43.247278","train",1,0.023642191663384438,7.757366325944059e-05,"","","","",""
2800,"2025-02-22 01:58:03.749810","train",1,0.03629731386899948,8.147564317809034e-05,"","","","",""
2900,"2025-02-22 01:58:24.052786","train",1,0.028995705768465996,8.549910396521366e-05,"","","","",""
3000,"2025-02-22 01:58:44.254912","train",1,0.024562573060393333,8.964192535240419e-05,"","","","",""
3100,"2025-02-22 01:59:04.688174","train",1,0.014455607160925865,9.390192417104998e-05,"","","","",""
3200,"2025-02-22 01:59:24.986046","train",1,0.014468256384134293,9.827685550281226e-05,"","","","",""
3300,"2025-02-22 01:59:45.564051","train",1,0.04412854462862015,0.0001027644138626439,"","","","",""
3400,"2025-02-22 02:00:06.136506","train",1,0.031988177448511124,0.00010736223441372482,"","","","",""
3500,"2025-02-22 02:00:26.399678","train",1,0.014530587941408157,0.00011206789421367574,"","","","",""
3600,"2025-02-22 02:00:46.530926","train",1,0.008862555958330631,0.00011687891349139088,"","","","",""
3700,"2025-02-22 02:01:06.719664","train",1,0.025845516473054886,0.00012179275695381833,"","","","",""
3800,"2025-02-22 02:01:27.306313","train",1,0.022281475365161896,0.00012680683512200001,"","","","",""
3900,"2025-02-22 02:01:47.411308","train",1,0.009775443002581596,0.00013191850569566494,"","","","",""
4000,"2025-02-22 02:02:07.548066","train",1,0.01563427597284317,0.00013712507494565953,"","","","",""
4100,"2025-02-22 02:02:27.694449","train",1,0.02558591403067112,0.000142423799133478,"","","","",""
4200,"2025-02-22 02:02:47.782871","train",1,0.008428924717009068,0.0001478118859571486,"","","","",""
4300,"2025-02-22 02:03:08.022826","train",1,0.022036146372556686,0.0001532864960227097,"","","","",""
4400,"2025-02-22 02:03:28.204950","train",1,0.022940030321478844,0.00015884474434050357,"","","","",""
4500,"2025-02-22 02:03:48.404443","train",1,0.013121599331498146,0.00016448370184549686,"","","","",""
4562,"2025-02-22 02:11:46.146602","train",1,"","",0.8350150026859593,0.15680036785877327,0.9799601326172731,0.0,0.3942915740898992
4562,"2025-02-22 02:13:43.600212","val",1,"","",0.8380800846890464,0.16967865646100055,0.9791635313915149,0.0,0.40118187787261983
4600,"2025-02-22 02:13:52.625301","train",2,0.02240082249045372,0.0001702003969408295,"","","","",""
4700,"2025-02-22 02:14:12.901343","train",2,0.011624385602772236,0.00017599181706377435,"","","","",""
4800,"2025-02-22 02:14:33.047716","train",2,0.04866475239396095,0.00018185491027328753,"","","","",""
4900,"2025-02-22 02:14:53.259189","train",2,0.0056572603061795235,0.00018778658685830832,"","","","",""
5000,"2025-02-22 02:15:13.498017","train",2,0.026722215116024017,0.0001937837209659638,"","","","",""
5100,"2025-02-22 02:15:34.067765","train",2,0.022484006360173225,0.00019984315224881913,"","","","",""
5200,"2025-02-22 02:15:54.532891","train",2,0.008287893608212471,0.00020596168753030575,"","","","",""
5300,"2025-02-22 02:16:14.751957","train",2,0.011247211135923862,0.00021213610248744955,"","","","",""
5400,"2025-02-22 02:16:35.481727","train",2,0.023507503792643547,0.00021836314335001275,"","","","",""
5500,"2025-02-22 02:16:55.570006","train",2,0.01809047907590866,0.00022463952861515355,"","","","",""
5600,"2025-02-22 02:17:15.651440","train",2,0.026612663641572,0.0002309619507767005,"","","","",""
5700,"2025-02-22 02:17:35.738146","train",2,0.016371896490454674,0.0002373270780681294,"","","","",""
5800,"2025-02-22 02:17:56.344699","train",2,0.03109557367861271,0.00024373155621832575,"","","","",""
5900,"2025-02-22 02:18:17.144264","train",2,0.027172286063432693,0.00025017201021920564,"","","","",""
6000,"2025-02-22 02:18:37.975055","train",2,0.008700375445187092,0.00025664504610426505,"","","","",""
6100,"2025-02-22 02:18:58.678709","train",2,0.006538099609315395,0.00026314725273711995,"","","","",""
6200,"2025-02-22 02:19:19.334063","train",2,0.011589042842388153,0.00026967520360909403,"","","","",""
6300,"2025-02-22 02:19:39.522362","train",2,0.015888914465904236,0.0002762254586449076,"","","","",""
6400,"2025-02-22 02:20:00.242507","train",2,0.012375938706099987,0.0002827945660155154,"","","","",""
6500,"2025-02-22 02:20:20.930449","train",2,0.00630269106477499,0.0002893790639571392,"","","","",""
6600,"2025-02-22 02:20:41.311049","train",2,0.01958988979458809,0.0002959754825955348,"","","","",""
6700,"2025-02-22 02:21:01.637725","train",2,0.03623439371585846,0.0003025803457745334,"","","","",""
6800,"2025-02-22 02:21:22.742769","train",2,0.020108405500650406,0.00030919017288789366,"","","","",""
6843,"2025-02-22 02:29:23.131427","train",2,"","",0.8401550900691497,0.17124881344587933,0.9799601326172731,0.0,0.4103572038967698
6843,"2025-02-22 02:31:21.436093","val",2,"","",0.8418203906363895,0.18466441998393865,0.9791635313915149,0.0,0.4195666447800394
6900,"2025-02-22 02:31:34.440366","train",3,0.013282211497426033,0.00031580148071349857,"","","","",""
7000,"2025-02-22 02:31:54.654643","train",3,0.005065953824669123,0.0003224107852489309,"","","","",""
7100,"2025-02-22 02:32:15.139857","train",3,0.013858145102858543,0.00032901460354745976,"","","","",""
7200,"2025-02-22 02:32:35.158864","train",3,0.011783133260905743,0.0003356094555534712,"","","","",""
7300,"2025-02-22 02:32:55.262449","train",3,0.024251071736216545,0.00034219186593637435,"","","","",""
7400,"2025-02-22 02:33:15.447631","train",3,0.005261087324470282,0.0003487583659220192,"","","","",""
7500,"2025-02-22 02:33:35.855266","train",3,0.010449118912220001,0.0003553054951206573,"","","","",""
7600,"2025-02-22 02:33:55.929608","train",3,0.009929828345775604,0.00036182980335048534,"","","","",""
7700,"2025-02-22 02:34:16.041288","train",3,0.015788275748491287,0.0003683278524558101,"","","","",""
7800,"2025-02-22 02:34:36.485643","train",3,0.008285533636808395,0.0003747962181188732,"","","","",""
7900,"2025-02-22 02:34:56.775527","train",3,0.016830725595355034,0.00038123149166438715,"","","","",""
8000,"2025-02-22 02:35:17.212036","train",3,0.02674306556582451,0.0003876302818558249,"","","","",""
8100,"2025-02-22 02:35:37.706485","train",3,0.010049710050225258,0.00039398921668252183,"","","","",""
8200,"2025-02-22 02:35:58.084831","train",3,0.0028538410551846027,0.0004003049451366457,"","","","",""
8300,"2025-02-22 02:36:19.355996","train",3,0.018870020285248756,0.00040657413897909715,"","","","",""
8400,"2025-02-22 02:36:39.546674","train",3,0.019215593114495277,0.00041279349449341405,"","","","",""
8500,"2025-02-22 02:36:59.622322","train",3,0.017993256449699402,0.0004189597342267507,"","","","",""
8600,"2025-02-22 02:37:20.148991","train",3,0.019905459135770798,0.00042506960871701845,"","","","",""
8700,"2025-02-22 02:37:40.870047","train",3,0.021406225860118866,0.0004311198982052749,"","","","",""
8800,"2025-02-22 02:38:01.246687","train",3,0.01784437894821167,0.0004371074143324602,"","","","",""
8900,"2025-02-22 02:38:21.329520","train",3,0.013637494295835495,0.00044302900181958724,"","","","",""
9000,"2025-02-22 02:38:41.702243","train",3,0.02156420797109604,0.0004488815401304982,"","","","",""
9100,"2025-02-22 02:39:02.441860","train",3,0.019428886473178864,0.00045466194511631385,"","","","",""
9124,"2025-02-22 02:46:49.173655","train",3,"","",0.8479546137316476,0.17744226066058927,0.979405277290662,0.1053414670435947,0.42488463510511026
9124,"2025-02-22 02:48:47.019571","val",3,"","",0.8479014433889722,0.18446391626815442,0.9785752397630416,0.10718358038768529,0.41825344714379514
9200,"2025-02-22 02:49:03.335635","train",4,0.019728071987628937,0.00046036717064070604,"","","","",""
9300,"2025-02-22 02:49:24.114340","train",4,0.023188555613160133,0.00046599421018513976,"","","","",""
9400,"2025-02-22 02:49:44.339142","train",4,0.019005488604307175,0.00047154009843323726,"","","","",""
9500,"2025-02-22 02:50:04.819349","train",4,0.009540017694234848,0.00047700191283342886,"","","","",""
9600,"2025-02-22 02:50:24.741634","train",4,0.02239517867565155,0.0004823767751390691,"","","","",""
9700,"2025-02-22 02:50:44.554992","train",4,0.025026507675647736,0.0004876618529252035,"","","","",""
9800,"2025-02-22 02:51:04.470453","train",4,0.024077987298369408,0.0004928543610811904,"","","","",""
9900,"2025-02-22 02:51:24.910697","train",4,0.010887769982218742,0.0004979515632783871,"","","","",""
10000,"2025-02-22 02:51:45.195802","train",4,0.01875903829932213,0.0005029507734121312,"","","","",""
10100,"2025-02-22 02:52:05.201419","train",4,0.010559627786278725,0.0005078493570172533,"","","","",""
10200,"2025-02-22 02:52:25.203687","train",4,0.01732233166694641,0.000512644732656378,"","","","",""
10300,"2025-02-22 02:52:45.112147","train",4,0.016863446682691574,0.0005173343732802802,"","","","",""
10400,"2025-02-22 02:53:05.118703","train",4,0.019748250022530556,0.0005219158075595797,"","","","",""
10500,"2025-02-22 02:53:25.119216","train",4,0.011123026721179485,0.0005263866211870739,"","","","",""
10600,"2025-02-22 02:53:45.319149","train",4,0.004409290384501219,0.0005307444581500195,"","","","",""
10700,"2025-02-22 02:54:06.014207","train",4,0.009169059805572033,0.0005349870219716964,"","","","",""
10800,"2025-02-22 02:54:26.402947","train",4,0.0048705111257731915,0.0005391120769215953,"","","","",""
10900,"2025-02-22 02:54:46.832321","train",4,0.011441518552601337,0.0005431174491935958,"","","","",""
11000,"2025-02-22 02:55:07.369976","train",4,0.03182666003704071,0.0005470010280515099,"","","","",""
11100,"2025-02-22 02:55:27.247080","train",4,0.040894683450460434,0.0005507607669413899,"","","","",""
11200,"2025-02-22 02:55:47.135253","train",4,0.016942668706178665,0.0005543946845700144,"","","","",""
11300,"2025-02-22 02:56:07.126301","train",4,0.019861532375216484,0.0005579008659489823,"","","","",""
11400,"2025-02-22 02:56:27.509147","train",4,0.012902993708848953,0.0005612774634038664,"","","","",""
11405,"2025-02-22 03:04:10.508563","train",4,"","",0.850769350214614,0.1874036621798407,0.9799601326172731,0.0,0.4334301828747223
11405,"2025-02-22 03:06:07.173644","val",4,"","",0.8508866882181294,0.20017115897759255,0.9791635313915149,0.0,0.43532501641497046
11500,"2025-02-22 03:06:27.864709","train",5,0.02204153873026371,0.0005645226975478939,"","","","",""
11600,"2025-02-22 03:06:47.961555","train",5,0.009875192306935787,0.0005676348582196415,"","","","",""
11700,"2025-02-22 03:07:08.560690","train",5,0.017259616404771805,0.0005706123053842492,"","","","",""
11800,"2025-02-22 03:07:28.898084","train",5,0.022586075589060783,0.0005734534699976804,"","","","",""
11900,"2025-02-22 03:07:49.333246","train",5,0.017989519983530045,0.0005761568548335703,"","","","",""
12000,"2025-02-22 03:08:09.784028","train",5,0.041652530431747437,0.0005787210352722295,"","","","",""
12100,"2025-02-22 03:08:30.179562","train",5,0.019321560859680176,0.0005811446600513838,"","","","",""
12200,"2025-02-22 03:08:50.327231","train",5,0.011739859357476234,0.000583426451978258,"","","","",""
12300,"2025-02-22 03:09:10.430172","train",5,0.010938611812889576,0.0005855652086026264,"","","","",""
12400,"2025-02-22 03:09:30.667259","train",5,0.023418519645929337,0.0005875598028504747,"","","","",""
12500,"2025-02-22 03:09:51.414089","train",5,0.008858760818839073,0.000589409183617942,"","","","",""
12600,"2025-02-22 03:10:12.150004","train",5,0.012743884697556496,0.0005911123763252276,"","","","",""
12700,"2025-02-22 03:10:32.478348","train",5,0.028619565069675446,0.000592668483430171,"","","","",""
12800,"2025-02-22 03:10:52.289049","train",5,0.013301673345267773,0.0005940766849012355,"","","","",""
12900,"2025-02-22 03:11:12.752659","train",5,0.036528490483760834,0.0005953362386496455,"","","","",""
13000,"2025-02-22 03:11:33.294126","train",5,0.014892229810357094,0.00059644648092045,"","","","",""
13100,"2025-02-22 03:11:53.506938","train",5,0.021486837416887283,0.0005974068266423046,"","","","",""
13200,"2025-02-22 03:12:14.279994","train",5,0.006854255683720112,0.0005982167697357915,"","","","",""
13300,"2025-02-22 03:12:34.569106","train",5,0.030413080006837845,0.0005988758833801107,"","","","",""
13400,"2025-02-22 03:12:54.519079","train",5,0.013760397210717201,0.0005993838202380045,"","","","",""
13500,"2025-02-22 03:13:14.641412","train",5,0.020660968497395515,0.0005997403126387958,"","","","",""
13600,"2025-02-22 03:13:34.784619","train",5,0.012249181978404522,0.0005999451727194449,"","","","",""
13686,"2025-02-22 03:21:33.258308","train",5,"","",0.8472823209847404,0.18046806221858552,0.9799601326172731,0.0,0.4301828747222697
13686,"2025-02-22 03:23:31.081020","val",5,"","",0.84416638509461,0.1880676417445155,0.9791635313915149,0.0,0.42350623768877216
13700,"2025-02-22 03:23:35.143624","train",6,0.01244345773011446,0.0005999996733632358,"","","","",""
13800,"2025-02-22 03:23:55.347467","train",6,0.0168733149766922,0.0005999808012181532,"","","","",""
13900,"2025-02-22 03:24:15.570200","train",6,0.01228631567209959,0.0005999328967810013,"","","","",""
14000,"2025-02-22 03:24:35.612753","train",6,0.013570547103881836,0.000599855964688014,"","","","",""
14100,"2025-02-22 03:24:56.159454","train",6,0.018258247524499893,0.0005997500123847474,"","","","",""
14200,"2025-02-22 03:25:16.197892","train",6,0.02297317609190941,0.0005996150501253597,"","","","",""
14300,"2025-02-22 03:25:36.872327","train",6,0.007626870181411505,0.0005994510909716179,"","","","",""
14400,"2025-02-22 03:25:56.901175","train",6,0.007653750479221344,0.0005992581507916347,"","","","",""
14500,"2025-02-22 03:26:17.011104","train",6,0.009653167799115181,0.0005990362482583317,"","","","",""
14600,"2025-02-22 03:26:37.170128","train",6,0.015018886886537075,0.0005987854048476332,"","","","",""
14700,"2025-02-22 03:26:57.717679","train",6,0.004674944560974836,0.000598505644836387,"","","","",""
14800,"2025-02-22 03:27:17.636077","train",6,0.011670373380184174,0.0005981969953000155,"","","","",""
14900,"2025-02-22 03:27:37.650751","train",6,0.018930066376924515,0.0005978594861098948,"","","","",""
15000,"2025-02-22 03:27:57.752106","train",6,0.010451868176460266,0.0005974931499304636,"","","","",""
15100,"2025-02-22 03:28:17.858962","train",6,0.027448881417512894,0.0005970980222160628,"","","","",""
15200,"2025-02-22 03:28:38.160314","train",6,0.014183423481881618,0.0005966741412075031,"","","","",""
15300,"2025-02-22 03:28:58.379500","train",6,0.01192240696400404,0.000596221547928365,"","","","",""
15400,"2025-02-22 03:29:18.614010","train",6,0.012255217880010605,0.0005957402861810275,"","","","",""
15500,"2025-02-22 03:29:38.713915","train",6,0.017667843028903008,0.0005952304025424299,"","","","",""
15600,"2025-02-22 03:29:58.795245","train",6,0.02849024161696434,0.0005946919463595631,"","","","",""
15700,"2025-02-22 03:30:18.883647","train",6,0.011350329965353012,0.0005941249697446947,"","","","",""
15800,"2025-02-22 03:30:39.166801","train",6,0.020028360188007355,0.0005935295275703245,"","","","",""
15900,"2025-02-22 03:30:59.294092","train",6,0.006789478473365307,0.0005929056774638748,"","","","",""
15967,"2025-02-22 03:38:55.817884","train",6,"","",0.8564540929534191,0.20689594106348907,0.9799978079789566,0.02406417112299465,0.45599042898649805
15967,"2025-02-22 03:40:52.835720","val",6,"","",0.8509740221911506,0.2074706133492968,0.9792319373948257,0.02064516129032258,0.443204202232436
16000,"2025-02-22 03:41:00.961636","train",7,0.013794870115816593,0.0005922534798021127,"","","","",""
16100,"2025-02-22 03:41:21.562325","train",7,0.03717491775751114,0.0005915729977053066,"","","","",""
16200,"2025-02-22 03:41:41.645614","train",7,0.018544945865869522,0.0005908642970311178,"","","","",""
16300,"2025-02-22 03:42:01.737955","train",7,0.021914921700954437,0.0005901274463682267,"","","","",""
16400,"2025-02-22 03:42:21.789767","train",7,0.025534603744745255,0.0005893625170296945,"","","","",""
16500,"2025-02-22 03:42:41.813207","train",7,0.01688237674534321,0.0005885695830460615,"","","","",""
16600,"2025-02-22 03:43:02.271086","train",7,0.01365908607840538,0.0005877487211581825,"","","","",""
16700,"2025-02-22 03:43:22.556203","train",7,0.011709058657288551,0.0005869000108097997,"","","","",""
16800,"2025-02-22 03:43:42.715985","train",7,0.005251153837889433,0.0005860235341398537,"","","","",""
16900,"2025-02-22 03:44:02.915899","train",7,0.031289003789424896,0.0005851193759745346,"","","","",""
17000,"2025-02-22 03:44:23.016571","train",7,0.008708836510777473,0.0005841876238190725,"","","","",""
17100,"2025-02-22 03:44:43.295965","train",7,0.031456541270017624,0.0005832283678492676,"","","","",""
17200,"2025-02-22 03:45:03.554543","train",7,0.004464706405997276,0.0005822417009027645,"","","","",""
17300,"2025-02-22 03:45:23.699603","train",7,0.004016829654574394,0.0005812277184700657,"","","","",""
17400,"2025-02-22 03:45:44.386903","train",7,0.0028959624469280243,0.0005801865186852913,"","","","",""
17500,"2025-02-22 03:46:04.616657","train",7,0.020424440503120422,0.0005791182023166805,"","","","",""
17600,"2025-02-22 03:46:25.060279","train",7,0.02043948508799076,0.0005780228727568399,"","","","",""
17700,"2025-02-22 03:46:45.332693","train",7,0.020109081640839577,0.0005769006360127362,"","","","",""
17800,"2025-02-22 03:47:05.648859","train",7,0.02774043381214142,0.0005757516006954379,"","","","",""
17900,"2025-02-22 03:47:26.042782","train",7,0.005248645320534706,0.0005745758780096027,"","","","",""
18000,"2025-02-22 03:47:46.693652","train",7,0.010396805591881275,0.0005733735817427158,"","","","",""
18100,"2025-02-22 03:48:07.278202","train",7,0.011997424997389317,0.0005721448282540771,"","","","",""
18200,"2025-02-22 03:48:27.606227","train",7,0.02129480428993702,0.0005708897364635398,"","","","",""
18248,"2025-02-22 03:56:20.888420","train",7,"","",0.8645259844652623,0.21554614165585984,0.9799601326172731,0.0,0.4669287301316014
18248,"2025-02-22 03:58:16.390220","val",7,"","",0.8544002166583435,0.2081202722642005,0.9791635313915149,0.0,0.443204202232436
18300,"2025-02-22 03:58:28.280723","train",8,0.015764407813549042,0.0005696084278400015,"","","","",""
18400,"2025-02-22 03:58:48.438864","train",8,0.01647190749645233,0.0005683010263896479,"","","","",""
18500,"2025-02-22 03:59:08.473945","train",8,0.007203322369605303,0.000566967658643952,"","","","",""
18600,"2025-02-22 03:59:28.642206","train",8,0.012602373957633972,0.0005656084536474278,"","","","",""
18700,"2025-02-22 03:59:49.322978","train",8,0.012469083070755005,0.0005642235429451412,"","","","",""
18800,"2025-02-22 04:00:09.603422","train",8,0.030901722609996796,0.0005628130605699792,"","","","",""
18900,"2025-02-22 04:00:29.844036","train",8,0.005222008563578129,0.0005613771430296779,"","","","",""
19000,"2025-02-22 04:00:50.079751","train",8,0.014273317530751228,0.0005599159292936116,"","","","",""
19100,"2025-02-22 04:01:10.627392","train",8,0.0072096362709999084,0.0005584295607793425,"","","","",""
19200,"2025-02-22 04:01:31.285204","train",8,0.009435991756618023,0.0005569181813389349,"","","","",""
19300,"2025-02-22 04:01:52.316079","train",8,0.014906570315361023,0.0005553819372450323,"","","","",""
19400,"2025-02-22 04:02:12.434387","train",8,0.02344384975731373,0.000553820977176702,"","","","",""
19500,"2025-02-22 04:02:32.712780","train",8,0.03704659640789032,0.0005522354522050447,"","","","",""
19600,"2025-02-22 04:02:52.902434","train",8,0.013873765245079994,0.0005506255157785745,"","","","",""
19700,"2025-02-22 04:03:13.705558","train",8,0.01315595954656601,0.0005489913237083677,"","","","",""
19800,"2025-02-22 04:03:34.326983","train",8,0.017900073900818825,0.0005473330341529835,"","","","",""
19900,"2025-02-22 04:03:54.720440","train",8,0.017433978617191315,0.0005456508076031569,"","","","",""
20000,"2025-02-22 04:04:14.872007","train",8,0.02758180908858776,0.0005439448068662667,"","","","",""
20100,"2025-02-22 04:04:35.116090","train",8,0.02391580305993557,0.0005422151970505783,"","","","",""
20200,"2025-02-22 04:04:55.651143","train",8,0.011825392954051495,0.0005404621455492648,"","","","",""
20300,"2025-02-22 04:05:16.242656","train",8,0.011664815247058868,0.0005386858220242067,"","","","",""
20400,"2025-02-22 04:05:36.173250","train",8,0.016534481197595596,0.0005368863983895713,"","","","",""
20500,"2025-02-22 04:05:56.301526","train",8,0.021100951358675957,0.0005350640487951753,"","","","",""
20529,"2025-02-22 04:13:47.705918","train",8,"","",0.8703419567378353,0.22884875273855074,0.980066308636563,0.034505640345056404,0.4754742779012135
20529,"2025-02-22 04:15:44.332576","val",8,"","",0.8528621726879666,0.20695201674401437,0.9792729809968123,0.02697495183044316,0.4445173998686802
20600,"2025-02-22 04:15:59.865313","train",9,0.04431069269776344,0.0005332189496096299,"","","","",""
20700,"2025-02-22 04:16:20.578400","train",9,0.008867939002811909,0.0005313512794032718,"","","","",""
20800,"2025-02-22 04:16:41.079593","train",9,0.025928115472197533,0.0005294612189308815,"","","","",""
20900,"2025-02-22 04:17:01.464071","train",9,0.009030057117342949,0.0005275489511141892,"","","","",""
21000,"2025-02-22 04:17:21.886085","train",9,0.01856449991464615,0.0005256146610241715,"","","","",""
21100,"2025-02-22 04:17:42.395602","train",9,0.01778034307062626,0.0005236585358631402,"","","","",""
21200,"2025-02-22 04:18:02.755812","train",9,0.006958062294870615,0.0005216807649466245,"","","","",""
21300,"2025-02-22 04:18:23.072904","train",9,0.023481713607907295,0.0005196815396850495,"","","","",""
21400,"2025-02-22 04:18:43.820130","train",9,0.010539062321186066,0.0005176610535652102,"","","","",""
21500,"2025-02-22 04:19:04.383751","train",9,0.00784260407090187,0.0005156195021315469,"","","","",""
21600,"2025-02-22 04:19:24.950772","train",9,0.008513744920492172,0.0005135570829672192,"","","","",""
21700,"2025-02-22 04:19:45.291294","train",9,0.014175753109157085,0.0005114739956749848,"","","","",""
21800,"2025-02-22 04:20:05.200435","train",9,0.012241685763001442,0.0005093704418578803,"","","","",""
21900,"2025-02-22 04:20:25.315953","train",9,0.018634174019098282,0.0005072466250997118,"","","","",""
22000,"2025-02-22 04:20:45.498343","train",9,0.022095270454883575,0.0005051027509453501,"","","","",""
22100,"2025-02-22 04:21:05.916204","train",9,0.028629638254642487,0.0005029390268808384,"","","","",""
22200,"2025-02-22 04:21:26.889049","train",9,0.042633056640625,0.0005007556623133127,"","","","",""
22300,"2025-02-22 04:21:47.418595","train",9,0.011332951486110687,0.0004985528685507335,"","","","",""
22400,"2025-02-22 04:22:07.973559","train",9,0.023314712569117546,0.0004963308587814364,"","","","",""
22500,"2025-02-22 04:22:28.370080","train",9,0.0150768356397748,0.0004940898480534992,"","","","",""
22600,"2025-02-22 04:22:48.323154","train",9,0.029011301696300507,0.0004918300532539293,"","","","",""
22700,"2025-02-22 04:23:08.722310","train",9,0.01127577293664217,0.0004895516930876732,"","","","",""
22800,"2025-02-22 04:23:29.131693","train",9,0.01912122219800949,0.00048725498805645003,"","","","",""
22810,"2025-02-22 04:31:14.707658","train",9,"","",0.8754798258752232,0.23949075336088396,0.9801348092941692,0.12860576923076922,0.48897624337720047
22810,"2025-02-22 04:33:12.801600","val",9,"","",0.8558132940114107,0.2033745369257809,0.9792045749935014,0.10271546635182999,0.43795141168745894
22900,"2025-02-22 04:33:32.005674","train",10,0.009415119886398315,0.0004849401604374113,"","","","",""
23000,"2025-02-22 04:33:52.076769","train",10,0.013341260142624378,0.0004826074342616286,"","","","",""
23100,"2025-02-22 04:34:12.155410","train",10,0.020773813128471375,0.0004802570352924118,"","","","",""
23200,"2025-02-22 04:34:32.408045","train",10,0.015154586173593998,0.00047788919100345936,"","","","",""
23300,"2025-02-22 04:34:52.402325","train",10,0.009404744021594524,0.0004755041305568433,"","","","",""
23400,"2025-02-22 04:35:12.247146","train",10,0.013030516915023327,0.0004731020847808306,"","","","",""
23500,"2025-02-22 04:35:32.215902","train",10,0.01160284224897623,0.00047068328614754355,"","","","",""
23600,"2025-02-22 04:35:52.457083","train",10,0.017785504460334778,0.0004682479687504608,"","","","",""
23700,"2025-02-22 04:36:12.770736","train",10,0.006395361386239529,0.0004657963682817617,"","","","",""
23800,"2025-02-22 04:36:33.170580","train",10,0.0218086838722229,0.0004633287220095156,"","","","",""
23900,"2025-02-22 04:36:53.485589","train",10,0.021059654653072357,0.00046084526875471893,"","","","",""
24000,"2025-02-22 04:37:13.723009","train",10,0.02585180103778839,0.0004583462488681823,"","","","",""
24100,"2025-02-22 04:37:33.997726","train",10,0.0250497218221426,0.0004558319042072682,"","","","",""
24200,"2025-02-22 04:37:54.118990","train",10,0.03395736217498779,0.0004533024781124848,"","","","",""
24300,"2025-02-22 04:38:14.028966","train",10,0.01771559752523899,0.0004507582153839346,"","","","",""
24400,"2025-02-22 04:38:33.992146","train",10,0.013938942924141884,0.00044819936225762286,"","","","",""
24500,"2025-02-22 04:38:54.434291","train",10,0.013560207560658455,0.0004456261663816263,"","","","",""
24600,"2025-02-22 04:39:14.388468","train",10,0.024362940341234207,0.0004430388767921259,"","","","",""
24700,"2025-02-22 04:39:34.432547","train",10,0.014298311434686184,0.0004404377438893045,"","","","",""
24800,"2025-02-22 04:39:54.672864","train",10,0.015531139448285103,0.0004378230194131133,"","","","",""
24900,"2025-02-22 04:40:14.727987","train",10,0.01004591304808855,0.00043519495641890785,"","","","",""
25000,"2025-02-22 04:40:35.124687","train",10,0.01713692396879196,0.0004325538092529576,"","","","",""
25091,"2025-02-22 04:48:39.311844","train",10,"","",0.8812953035449863,0.2512761187474249,0.9802238601490574,0.10369450481217013,0.4975217911468125
25091,"2025-02-22 04:50:37.044967","val",10,"","",0.8565510020953006,0.20581028475330634,0.9792729809968123,0.07339449541284404,0.43795141168745894
25100,"2025-02-22 04:50:40.203886","train",11,0.02253839746117592,0.00042989983352782936,"","","","",""
25200,"2025-02-22 04:51:00.528779","train",11,0.02595384791493416,0.00042723328609764965,"","","","",""
25300,"2025-02-22 04:51:21.282934","train",11,0.009784938767552376,0.0004245544250332454,"","","","",""
25400,"2025-02-22 04:51:41.617543","train",11,0.01723283715546131,0.0004218635095971685,"","","","",""
25500,"2025-02-22 04:52:01.513041","train",11,0.010791337117552757,0.00041916080021860304,"","","","",""
25600,"2025-02-22 04:52:21.361799","train",11,0.022943753749132156,0.00041644655846816175,"","","","",""
25700,"2025-02-22 04:52:41.277017","train",11,0.034945517778396606,0.00041372104703257047,"","","","",""
25800,"2025-02-22 04:53:01.787476","train",11,0.02075296826660633,0.000410984529689245,"","","","",""
25900,"2025-02-22 04:53:22.029592","train",11,0.015735574066638947,0.00040823727128076265,"","","","",""
26000,"2025-02-22 04:53:42.440557","train",11,0.011638155207037926,0.000405479537689231,"","","","",""
26100,"2025-02-22 04:54:02.650808","train",11,0.020735308527946472,0.0004027115958105546,"","","","",""
26200,"2025-02-22 04:54:23.345891","train",11,0.019943781197071075,0.0003999337135286054,"","","","",""
26300,"2025-02-22 04:54:43.917974","train",11,0.018237508833408356,0.0003971461596892962,"","","","",""
26400,"2025-02-22 04:55:04.431586","train",11,0.013063177466392517,0.000394349204074562,"","","","",""
26500,"2025-02-22 04:55:24.839763","train",11,0.015041493810713291,0.00039154311737624956,"","","","",""
26600,"2025-02-22 04:55:45.052964","train",11,0.045256394892930984,0.00038872817116992044,"","","","",""
26700,"2025-02-22 04:56:05.277492","train",11,0.005985080264508724,0.0003859046378885669,"","","","",""
26800,"2025-02-22 04:56:25.759469","train",11,0.0048670172691345215,0.00038307279079624623,"","","","",""
26900,"2025-02-22 04:56:46.209626","train",11,0.025744104757905006,0.0003802329039616334,"","","","",""
27000,"2025-02-22 04:57:06.491139","train",11,0.03043028712272644,0.0003773852522314972,"","","","",""
27100,"2025-02-22 04:57:26.664914","train",11,0.01405363343656063,0.00037453011120409946,"","","","",""
27200,"2025-02-22 04:57:46.928417","train",11,0.015806879848241806,0.0003716677572025232,"","","","",""
27300,"2025-02-22 04:58:07.369733","train",11,0.009951494634151459,0.00036879846724792914,"","","","",""
27372,"2025-02-22 05:06:06.381901","train",11,"","",0.8886931499943168,0.27262820894960355,0.9805081378781236,0.1294171638366223,0.5156383524183901
27372,"2025-02-22 05:08:03.989036","val",11,"","",0.8530913079692509,0.1984510456275147,0.9790267193848933,0.0703456640388114,0.4359816152330926
27400,"2025-02-22 05:08:10.724245","train",12,0.01548035442829132,0.0003659225190327461,"","","","",""
27500,"2025-02-22 05:08:30.679620","train",12,0.016283251345157623,0.00036304019089379493,"","","","",""
27600,"2025-02-22 05:08:50.936128","train",12,0.02245916612446308,0.00036015176178535134,"","","","",""
27700,"2025-02-22 05:09:11.076885","train",12,0.012178279459476471,0.0003572575112521482,"","","","",""
27800,"2025-02-22 05:09:31.151917","train",12,0.014756213873624802,0.00035435771940232105,"","","","",""
27900,"2025-02-22 05:09:51.280038","train",12,0.00732079055160284,0.000351452666880299,"","","","",""
28000,"2025-02-22 05:10:11.613336","train",12,0.004871834069490433,0.00034854263483964366,"","","","",""
28100,"2025-02-22 05:10:31.800887","train",12,0.0466415099799633,0.00034562790491583903,"","","","",""
28200,"2025-02-22 05:10:52.257742","train",12,0.01623404584825039,0.00034270875919903404,"","","","",""
28300,"2025-02-22 05:11:12.447801","train",12,0.01976758800446987,0.00033978548020674226,"","","","",""
28400,"2025-02-22 05:11:32.622321","train",12,0.007382769137620926,0.00033685835085649934,"","","","",""
28500,"2025-02-22 05:11:52.631267","train",12,0.003382752649486065,0.000333927654438482,"","","","",""
28600,"2025-02-22 05:12:12.730739","train",12,0.022349916398525238,0.0003309936745880908,"","","","",""
28700,"2025-02-22 05:12:32.873241","train",12,0.005687205120921135,0.0003280566952584998,"","","","",""
28800,"2025-02-22 05:12:53.150166","train",12,0.015755122527480125,0.0003251170006931756,"","","","",""
28900,"2025-02-22 05:13:13.526694","train",12,0.026552051305770874,0.00032217487539836734,"","","","",""
29000,"2025-02-22 05:13:33.683112","train",12,0.027217667549848557,0.00031923060411557255,"","","","",""
29100,"2025-02-22 05:13:53.797490","train",12,0.018636304885149002,0.0003162844717939793,"","","","",""
29200,"2025-02-22 05:14:14.049137","train",12,0.006381635554134846,0.00031333676356288875,"","","","",""
29300,"2025-02-22 05:14:34.338886","train",12,0.01391857024282217,0.00031038776470411987,"","","","",""
29400,"2025-02-22 05:14:54.578133","train",12,0.01799587346613407,0.0003074377606243997,"","","","",""
29500,"2025-02-22 05:15:14.865761","train",12,0.01437954232096672,0.00030448703682774164,"","","","",""
29600,"2025-02-22 05:15:35.076668","train",12,0.014164253138005733,0.00030153587888781373,"","","","",""
29653,"2025-02-22 05:23:30.033228","train",12,"","",0.8963194790461892,0.2938725077893875,0.980371136562911,0.08230584467574059,0.543325927191933
29653,"2025-02-22 05:25:27.534701","val",12,"","",0.8523910031741874,0.1864773314352552,0.9790404005855554,0.03526448362720403,0.44057780695994747
29700,"2025-02-22 05:25:38.292775","train",13,0.014038464054465294,0.0002985845724203008,"","","","",""
29800,"2025-02-22 05:25:58.314945","train",13,0.03400065377354622,0.0002956334030552625,"","","","",""
29900,"2025-02-22 05:26:18.465319","train",13,0.010478964075446129,0.00029268265640948937,"","","","",""
30000,"2025-02-22 05:26:38.598988","train",13,0.007594889961183071,0.00028973261805886094,"","","","",""
30100,"2025-02-22 05:26:59.062056","train",13,0.026809176430106163,0.00028678357351070717,"","","","",""
30200,"2025-02-22 05:27:19.317512","train",13,0.009361166507005692,0.0002838358081761771,"","","","",""
30300,"2025-02-22 05:27:39.308362","train",13,0.003097256412729621,0.00028088960734261624,"","","","",""
30400,"2025-02-22 05:27:59.043458","train",13,0.019893813878297806,0.00027794525614595626,"","","","",""
30500,"2025-02-22 05:28:18.626490","train",13,0.00674621993675828,0.0002750030395431195,"","","","",""
30600,"2025-02-22 05:28:38.821797","train",13,0.02449018880724907,0.0002720632422844403,"","","","",""
30700,"2025-02-22 05:28:58.781341","train",13,0.014246624894440174,0.0002691261488861066,"","","","",""
30800,"2025-02-22 05:29:18.843434","train",13,0.007214229553937912,0.0002661920436026246,"","","","",""
30900,"2025-02-22 05:29:39.189547","train",13,0.007846333086490631,0.00026326121039930793,"","","","",""
31000,"2025-02-22 05:29:59.218783","train",13,0.010647004470229149,0.00026033393292479543,"","","","",""
31100,"2025-02-22 05:30:19.131055","train",13,0.009737633168697357,0.00025741049448359927,"","","","",""
31200,"2025-02-22 05:30:38.915770","train",13,0.022191636264324188,0.0002544911780086868,"","","","",""
31300,"2025-02-22 05:30:58.625101","train",13,0.04757554084062576,0.0002515762660340976,"","","","",""
31400,"2025-02-22 05:31:18.758714","train",13,0.033410824835300446,0.0002486660406675998,"","","","",""
31500,"2025-02-22 05:31:38.603544","train",13,0.017950793728232384,0.00024576078356338744,"","","","",""
31600,"2025-02-22 05:31:58.536793","train",13,0.056604307144880295,0.00024286077589482207,"","","","",""
31700,"2025-02-22 05:32:18.792140","train",13,0.02045409195125103,0.0002399662983272197,"","","","",""
31800,"2025-02-22 05:32:38.709037","train",13,0.01880616322159767,0.00023707763099068855,"","","","",""
31900,"2025-02-22 05:32:58.682403","train",13,0.007939832285046577,0.00023419505345301735,"","","","",""
31934,"2025-02-22 05:40:51.016331","train",13,"","",0.9063876125718946,0.3335593472706714,0.9807787154756685,0.12802983219390926,0.5687916595453768
31934,"2025-02-22 05:42:48.039515","val",13,"","",0.8556930704650606,0.20250592912418458,0.9790540817862176,0.057846153846153846,0.45436638214051217
32000,"2025-02-22 05:43:03.027658","train",14,0.007565304636955261,0.0002313188446926189,"","","","",""
32100,"2025-02-22 05:43:22.975840","train",14,0.04573072865605354,0.00022844928307152993,"","","","",""
32200,"2025-02-22 05:43:43.185660","train",14,0.014216170646250248,0.0002255866463084711,"","","","",""
32300,"2025-02-22 05:44:03.215555","train",14,0.03104366734623909,0.00022273121145196934,"","","","",""
32400,"2025-02-22 05:44:23.500700","train",14,0.01882735639810562,0.00021988325485354455,"","","","",""
32500,"2025-02-22 05:44:43.679179","train",14,0.02162812650203705,0.00021704305214096403,"","","","",""
32600,"2025-02-22 05:45:03.853542","train",14,0.005673971492797136,0.00021421087819156748,"","","","",""
32700,"2025-02-22 05:45:23.954611","train",14,0.007932833395898342,0.00021138700710566352,"","","","",""
32800,"2025-02-22 05:45:44.342823","train",14,0.004610168747603893,0.0002085717121800023,"","","","",""
32900,"2025-02-22 05:46:04.185294","train",14,0.019018134102225304,0.0002057652658813255,"","","","",""
33000,"2025-02-22 05:46:25.027549","train",14,0.021927345544099808,0.00020296793981999713,"","","","",""
33100,"2025-02-22 05:46:44.992527","train",14,0.0348600298166275,0.00020018000472371618,"","","","",""
33200,"2025-02-22 05:47:06.403349","train",14,0.009148558601737022,0.00019740173041131584,"","","","",""
33300,"2025-02-22 05:47:26.578386","train",14,0.01767083629965782,0.0001946333857666502,"","","","",""
33400,"2025-02-22 05:47:46.504052","train",14,0.0171030405908823,0.00019187523871257113,"","","","",""
33500,"2025-02-22 05:48:07.071662","train",14,0.029533514752984047,0.00018912755618499848,"","","","",""
33600,"2025-02-22 05:48:27.901031","train",14,0.017004095017910004,0.0001863906041070864,"","","","",""
33700,"2025-02-22 05:48:48.017374","train",14,0.010882571339607239,0.00018366464736348624,"","","","",""
33800,"2025-02-22 05:49:07.890018","train",14,0.007811523042619228,0.00018094994977471113,"","","","",""
33900,"2025-02-22 05:49:28.081081","train",14,0.0267556831240654,0.0001782467740716033,"","","","",""
34000,"2025-02-22 05:49:48.472865","train",14,0.011654609814286232,0.00017555538186990677,"","","","",""
34100,"2025-02-22 05:50:08.769694","train",14,0.02304343320429325,0.00017287603364494756,"","","","",""
34200,"2025-02-22 05:50:28.842658","train",14,0.017653577029705048,0.00017020898870642528,"","","","",""
34215,"2025-02-22 05:58:16.688715","train",14,"","",0.9200448755634804,0.3777742084173236,0.9814945473476545,0.20835164835164835,0.6034865834900017
34215,"2025-02-22 06:00:14.571024","val",14,"","",0.8493630477707985,0.195168520603231,0.9790404005855554,0.0988235294117647,0.4425476034143139
34300,"2025-02-22 06:00:33.494078","train",15,0.03326451778411865,0.00016755450517331614,"","","","",""
34400,"2025-02-22 06:00:53.645185","train",15,0.012060543522238731,0.0001649128399488928,"","","","",""
34500,"2025-02-22 06:01:13.940830","train",15,0.013528053648769855,0.00016228424869586038,"","","","",""
34600,"2025-02-22 06:01:33.741331","train",15,0.003595873015001416,0.00015966898581161337,"","","","",""
34700,"2025-02-22 06:01:53.759302","train",15,0.01732107251882553,0.0001570673044036151,"","","","",""
34800,"2025-02-22 06:02:13.513152","train",15,0.012100938707590103,0.0001544794562649016,"","","","",""
34900,"2025-02-22 06:02:33.829187","train",15,0.012304980307817459,0.00015190569184971272,"","","","",""
35000,"2025-02-22 06:02:53.737486","train",15,0.014586787670850754,0.0001493462602492529,"","","","",""
35100,"2025-02-22 06:03:13.788062","train",15,0.03356795012950897,0.00014680140916758437,"","","","",""
35200,"2025-02-22 06:03:33.346284","train",15,0.010500704869627953,0.0001442713848976535,"","","","",""
35300,"2025-02-22 06:03:53.349396","train",15,0.023978088051080704,0.00014175643229745485,"","","","",""
35400,"2025-02-22 06:04:13.609500","train",15,0.015742147341370583,0.00013925679476633324,"","","","",""
35500,"2025-02-22 06:04:34.346699","train",15,0.012490794062614441,0.00013677271422142783,"","","","",""
35600,"2025-02-22 06:04:55.249492","train",15,0.022275591269135475,0.00013430443107425858,"","","","",""
35700,"2025-02-22 06:05:15.363889","train",15,0.00790787860751152,0.00013185218420745927,"","","","",""
35800,"2025-02-22 06:05:35.866412","train",15,0.028150465339422226,0.00012941621095165833,"","","","",""
35900,"2025-02-22 06:05:56.178437","train",15,0.014518060721457005,0.00012699674706250953,"","","","",""
36000,"2025-02-22 06:06:16.446364","train",15,0.006875216029584408,0.00012459402669787577,"","","","",""
36100,"2025-02-22 06:06:36.622264","train",15,0.019333697855472565,0.00012220828239516656,"","","","",""
36200,"2025-02-22 06:06:56.725681","train",15,0.009568881243467331,0.00011983974504883297,"","","","",""
36300,"2025-02-22 06:07:16.844209","train",15,0.012756932526826859,0.00011748864388802193,"","","","",""
36400,"2025-02-22 06:07:37.062773","train",15,0.011598299257457256,0.00011515520645439051,"","","","",""
36496,"2025-02-22 06:15:38.978905","train",15,"","",0.9255094639030221,0.410526277909655,0.982042552608505,0.2570497378489443,0.617159459921381
36496,"2025-02-22 06:17:38.431891","val",15,"","",0.8408272768965391,0.16906512570348678,0.9786162833650282,0.0896913220733838,0.412344057780696
36500,"2025-02-22 06:17:40.387698","train",16,0.0065106796100735664,0.00011283965858008474,"","","","",""
36600,"2025-02-22 06:18:00.430885","train",16,0.009703515097498894,0.00011054222436588316,"","","","",""
36700,"2025-02-22 06:18:20.606326","train",16,0.002971213310956955,0.00010826312615950823,"","","","",""
36800,"2025-02-22 06:18:41.105154","train",16,0.010336989536881447,0.00010600258453410723,"","","","",""
36900,"2025-02-22 06:19:01.478569","train",16,0.01224406436085701,0.00010376081826690532,"","","","",""
37000,"2025-02-22 06:19:21.176698","train",16,0.011358095332980156,0.00010153804431803153,"","","","",""
37100,"2025-02-22 06:19:42.209744","train",16,0.012675128877162933,9.933447780952163e-05,"","","","",""
37200,"2025-02-22 06:20:02.841707","train",16,0.0071538230404257774,9.715033200449814e-05,"","","","",""
37300,"2025-02-22 06:20:22.793131","train",16,0.007658457383513451,9.498581828653075e-05,"","","","",""
37400,"2025-02-22 06:20:43.032759","train",16,0.014565750025212765,9.284114613917836e-05,"","","","",""
37500,"2025-02-22 06:21:02.949289","train",16,0.011317707598209381,9.071652312571491e-05,"","","","",""
37600,"2025-02-22 06:21:22.562873","train",16,0.012912380509078503,8.861215486904161e-05,"","","","",""
37700,"2025-02-22 06:21:40.992152","train",16,0.016028188169002533,8.652824503178612e-05,"","","","",""
37800,"2025-02-22 06:21:59.342116","train",16,0.025899117812514305,8.44649952965922e-05,"","","","",""
37900,"2025-02-22 06:22:17.595605","train",16,0.011179544031620026,8.242260534660056e-05,"","","","",""
38000,"2025-02-22 06:22:35.728972","train",16,0.01327480562031269,8.040127284612337e-05,"","","","",""
38100,"2025-02-22 06:22:53.986033","train",16,0.020207617431879044,7.840119342151422e-05,"","","","",""
38200,"2025-02-22 06:23:12.317445","train",16,0.020963028073310852,7.642256064223498e-05,"","","","",""
38300,"2025-02-22 06:23:30.660075","train",16,0.004467739257961512,7.446556600212245e-05,"","","","",""
38400,"2025-02-22 06:23:48.940771","train",16,0.018862035125494003,7.253039890085489e-05,"","","","",""
38500,"2025-02-22 06:24:07.476184","train",16,0.012339658103883266,7.061724662562199e-05,"","","","",""
38600,"2025-02-22 06:24:25.850166","train",16,0.021541377529501915,6.872629433299907e-05,"","","","",""
38700,"2025-02-22 06:24:44.162475","train",16,0.01751278154551983,6.685772503102743e-05,"","","","",""
38777,"2025-02-22 06:32:04.242042","train",16,"","",0.942568677871035,0.4937091888987501,0.9834194158263919,0.4709867774013769,0.6826183558366091
38777,"2025-02-22 06:33:50.705627","val",16,"","",0.8461347870677663,0.18318732909068772,0.9765777844663648,0.2182648401826484,0.43795141168745894
38800,"2025-02-22 06:33:56.235447","train",17,0.01094779185950756,6.50117195615026e-05,"","","","",""
38900,"2025-02-22 06:34:14.944475","train",17,0.008481943048536777,6.318845658247261e-05,"","","","",""
39000,"2025-02-22 06:34:33.515780","train",17,0.010134669952094555,6.138811255094684e-05,"","","","",""
39100,"2025-02-22 06:34:52.135982","train",17,0.027406398206949234,5.96108617058186e-05,"","","","",""
39200,"2025-02-22 06:35:10.738816","train",17,0.00567599106580019,5.785687605100222e-05,"","","","",""
39300,"2025-02-22 06:35:29.085789","train",17,0.02358897216618061,5.6126325338786196e-05,"","","","",""
39400,"2025-02-22 06:35:47.447016","train",17,0.012190727517008781,5.4419377053404567e-05,"","","","",""
39500,"2025-02-22 06:36:06.091073","train",17,0.012327363714575768,5.273619639482731e-05,"","","","",""
39600,"2025-02-22 06:36:24.851971","train",17,0.0025962754152715206,5.107694626277281e-05,"","","","",""
39700,"2025-02-22 06:36:43.152568","train",17,0.00496374536305666,4.944178724094146e-05,"","","","",""
39800,"2025-02-22 06:37:01.630193","train",17,0.006917702034115791,4.783087758147483e-05,"","","","",""
39900,"2025-02-22 06:37:20.067748","train",17,0.003736921353265643,4.624437318963956e-05,"","","","",""
40000,"2025-02-22 06:37:38.541796","train",17,0.008329175412654877,4.468242760873892e-05,"","","","",""
40100,"2025-02-22 06:37:56.967449","train",17,0.041884563863277435,4.31451920052526e-05,"","","","",""
40200,"2025-02-22 06:38:15.382769","train",17,0.010419748723506927,4.163281515420671e-05,"","","","",""
40300,"2025-02-22 06:38:33.759712","train",17,0.012298841960728168,4.014544342477532e-05,"","","","",""
40400,"2025-02-22 06:38:52.209265","train",17,0.0177309587597847,3.8683220766114735e-05,"","","","",""
40500,"2025-02-22 06:39:10.635117","train",17,0.014869634062051773,3.724628869343163e-05,"","","","",""
40600,"2025-02-22 06:39:29.459572","train",17,0.007406109943985939,3.583478627428741e-05,"","","","",""
40700,"2025-02-22 06:39:47.926818","train",17,0.023034565150737762,3.444885011513909e-05,"","","","",""
40800,"2025-02-22 06:40:06.525982","train",17,0.02109557017683983,3.308861434811829e-05,"","","","",""
40900,"2025-02-22 06:40:25.269754","train",17,0.01893109828233719,3.175421061804994e-05,"","","","",""
41000,"2025-02-22 06:40:43.605025","train",17,0.007213334087282419,3.044576806971135e-05,"","","","",""
41058,"2025-02-22 06:47:57.766664","train",17,"","",0.9581909518154778,0.5903555213418552,0.9853271591407278,0.5503778337531486,0.7540591351905657
41058,"2025-02-22 06:49:44.344397","val",17,"","",0.827728621295691,0.15818022394220627,0.9752643892027965,0.1863186318631863,0.38936309914642153
41100,"2025-02-22 06:49:53.356329","train",18,0.005425683222711086,2.916341333533385e-05,"","","","",""
41200,"2025-02-22 06:50:12.054056","train",18,0.0029440063517540693,2.7907270522346856e-05,"","","","",""
41300,"2025-02-22 06:50:30.360392","train",18,0.018859220668673515,2.667746120136669e-05,"","","","",""
41400,"2025-02-22 06:50:48.775613","train",18,0.006312239915132523,2.5474104394431078e-05,"","","","",""
41500,"2025-02-22 06:51:07.494615","train",18,0.005489007569849491,2.4297316563479858e-05,"","","","",""
41600,"2025-02-22 06:51:26.366795","train",18,0.01676628738641739,2.3147211599083836e-05,"","","","",""
41700,"2025-02-22 06:51:45.024714","train",18,0.010826187208294868,2.202390080942237e-05,"","","","",""
41800,"2025-02-22 06:52:03.410633","train",18,0.0033398084342479706,2.09274929095107e-05,"","","","",""
41900,"2025-02-22 06:52:21.552542","train",18,0.01162223145365715,1.9858094010678537e-05,"","","","",""
42000,"2025-02-22 06:52:39.663785","train",18,0.013288866728544235,1.8815807610300553e-05,"","","","",""
42100,"2025-02-22 06:52:58.194134","train",18,0.008496029302477837,1.7800734581779667e-05,"","","","",""
42200,"2025-02-22 06:53:16.496725","train",18,0.008489865809679031,1.6812973164784635e-05,"","","","",""
42300,"2025-02-22 06:53:34.831269","train",18,0.020875215530395508,1.5852618955742007e-05,"","","","",""
42400,"2025-02-22 06:53:53.037686","train",18,0.00539486575871706,1.4919764898584693e-05,"","","","",""
42500,"2025-02-22 06:54:11.320895","train",18,0.017275385558605194,1.4014501275756291e-05,"","","","",""
42600,"2025-02-22 06:54:29.664321","train",18,0.0071732886135578156,1.3136915699473718e-05,"","","","",""
42700,"2025-02-22 06:54:47.963302","train",18,0.0027194065041840076,1.2287093103248026e-05,"","","","",""
42800,"2025-02-22 06:55:06.477242","train",18,0.01588759385049343,1.1465115733664373e-05,"","","","",""
42900,"2025-02-22 06:55:24.829333","train",18,0.0029809041880071163,1.0671063142422192e-05,"","","","",""
43000,"2025-02-22 06:55:43.223006","train",18,0.0043304357677698135,9.90501217863601e-06,"","","","",""
43100,"2025-02-22 06:56:01.962274","train",18,0.020094912499189377,9.16703698139813e-06,"","","","",""
43200,"2025-02-22 06:56:20.617717","train",18,0.007810801267623901,8.457208972603137e-06,"","","","",""
43300,"2025-02-22 06:56:39.113604","train",18,0.00477831345051527,7.775596850035775e-06,"","","","",""
43339,"2025-02-22 07:03:48.636875","train",18,"","",0.970527621730778,0.6881303860907485,0.9876390563349409,0.6092041147807254,0.8162707229533414
43339,"2025-02-22 07:05:36.367995","val",18,"","",0.8133282312446172,0.14497764195735105,0.9764683348610674,0.15354330708661418,0.3742613263296126
43400,"2025-02-22 07:05:48.947141","train",19,0.006250099278986454,7.122266580722243e-06,"","","","",""
43500,"2025-02-22 07:06:07.368408","train",19,0.006274659186601639,6.497281394545977e-06,"","","","",""
43600,"2025-02-22 07:06:26.011855","train",19,0.003521227277815342,5.900701778127917e-06,"","","","",""
43700,"2025-02-22 07:06:44.510041","train",19,0.013601789250969887,5.3325854689729704e-06,"","","","",""
43800,"2025-02-22 07:07:03.076680","train",19,0.0041466946713626385,4.792987449881774e-06,"","","","",""
43900,"2025-02-22 07:07:21.565751","train",19,0.0048693097196519375,4.281959943629542e-06,"","","","",""
44000,"2025-02-22 07:07:39.977246","train",19,0.012223456054925919,3.799552407911954e-06,"","","","",""
44100,"2025-02-22 07:07:58.363809","train",19,0.007038246840238571,3.3458115305584796e-06,"","","","",""
44200,"2025-02-22 07:08:16.830686","train",19,0.009975191205739975,2.92078122501397e-06,"","","","",""
44300,"2025-02-22 07:08:35.292215","train",19,0.007905721664428711,2.5245026260886794e-06,"","","","",""
44400,"2025-02-22 07:08:53.860503","train",19,0.0015959534794092178,2.157014085977128e-06,"","","","",""
44500,"2025-02-22 07:09:12.163701","train",19,0.004555267281830311,1.8183511705463895e-06,"","","","",""
44600,"2025-02-22 07:09:30.424601","train",19,0.008568954654037952,1.5085466558940577e-06,"","","","",""
44700,"2025-02-22 07:09:48.565176","train",19,0.011060426011681557,1.227630525176061e-06,"","","","",""
44800,"2025-02-22 07:10:06.821747","train",19,0.004852496087551117,9.75629965704831e-07,"","","","",""
44900,"2025-02-22 07:10:25.042277","train",19,0.022383591160178185,7.525693663182162e-07,"","","","",""
45000,"2025-02-22 07:10:43.222426","train",19,0.01330479420721531,5.584703150190142e-07,"","","","",""
45100,"2025-02-22 07:11:01.498973","train",19,0.004798481706529856,3.933515968856502e-07,"","","","",""
45200,"2025-02-22 07:11:20.076114","train",19,0.005431752651929855,2.572291922542726e-07,"","","","",""
45300,"2025-02-22 07:11:38.608068","train",19,0.018880408257246017,1.5011627517202925e-07,"","","","",""
45400,"2025-02-22 07:11:56.771821","train",19,0.0058218250051140785,7.202321212205955e-08,"","","","",""
45500,"2025-02-22 07:12:14.945076","train",19,0.004144721198827028,2.2957561020367223e-08,"","","","",""
45600,"2025-02-22 07:12:33.150100","train",19,0.004662000108510256,2.9240704842085906e-09,"","","","",""
45620,"2025-02-22 07:19:42.745775","train",19,"","",0.9729073601232517,0.7087931920307281,0.988204186760193,0.6402005850396991,0.8292599555631516
45620,"2025-02-22 07:21:28.704650","val",19,"","",0.8045620544598121,0.13367911387792392,0.976112623643851,0.15814850530376084,0.3479973736047275
